[{
  "1": "NETWORTH",
  "2": "TURNOVER",
  "3": "WORKING CAPITAL",
  "4": "INCOME SOURCE",
  "5": "DEBTORS AGING",
  "6": "CREDITORS AGING",
  "7": "FORM 15CB",
  "8": "NO DUES",
  "9": "IMPORT / EXPORT OBLIGATION",
  "10": "EXEMPTIONS / DEDUCTIONS",
  "11": "BANK FINANCE",
  "12": "VISA PURPOSE",
  "13": "COMPANY LAW",
  "14": "LLP LAW",
  "15": "RERA LAW",
  "16": "FEMA LAW",
  "17": "TRUST LAW",
  "18": "MSME LAW",
  "19": "BANK KYC CERTIFICATE",
  "20": "BANK AUDIT",
  "21": "OTHERS",
  "_id": {
    "$oid": "60af8105d46f087722ee0a44"
  }
}]