[{
  "1": "ITA_FORM 15CA",
  "2": "ITA_FORM 26QB_CHALLAN CUM STATEMENT U/S 194-IA",
  "3": "ITA_FORM 26QC_CHALLAN CUM STATEMENT U/S 194-IB",
  "4": "ITA_FORM 26QD_CHALLAN CUM STATEMENT U/S 194-M",
  "5": "ITA_FORM 15G / 15H_NO TDS",
  "6": "ITA_FORM 13_LOWER TDS",
  "7": "ITA_FORM 49A/49AA_PAN APPLICATION / CORRECTION",
  "8": "ITA_FORM 49B_TAN APPLICATION / CORRECTION",
  "9": "ITA_FORM 10BD_STATEMENT U/S. 80G / 35",
  "10": "ITA_FORM 10A_REG U/S. 10(23C)1(i)/(iv)",
  "11": "ITA_FORM 10A_REG U/S. 12A(1)(ac)(i)/(vi)",
  "12": "ITA_FORM 10A_REG U/S. 80G(5)1(i)/(iv)",
  "13": "ITA_FORM 10AB_REG U/S. 10(23C)1(ii)/(iii)",
  "14": "ITA_FORM 10AB_REG U/S. 12A(1)(ac)(ii)/(iii)/(iv)/(v)",
  "15": "ITA_FORM 10AB_REG U/S. 80G(5)1(iI)/(iii)",
  "16": "ITA_APPLICATION U/S. 17(2)",
  "17": "ITA_BUSINESS DISCONTINUANCE NOTICE U/S. 176",
  "18": "JEWELLERY / SEIZED MATERIAL RELEASE",
  "19": "FCRA_FC-3_RENEWAL",
  "20": "FCRA_FC-4_ANNUAL RETURN",
  "21": "PARTNERSHIP DEED (NEW)",
  "22": "ADMISSION CUM PARTNERSHIP DEED",
  "23": "RETIREMENT CUM PARTNERSHIP DEED",
  "24": "DISSOLUTION DEED",
  "25": "LLP AGREEMENT",
  "26": "SUPPLEMENTARY DEED / AGREEMENT",
  "27": "RENT / LEASE AGREEMENT",
  "28": "TRUST DEED",
  "29": "FIRM REGISTRATION",
  "30": "OTHER PARTNERSHIP FIRM MATTER",
  "31": "LLP REGISTRATION",
  "32": "COMPANY REGISTRATION",
  "33": "MSME REGISTRATION",
  "34": "GST REGISTRATION",
  "35": "IEC REGISTRATION",
  "36": "EL_FORM 1_STATEMENT",
  "37": "DISCLOSURE SCHEME",
  "38": "SETTLEMENT SCHEME",
  "39": "ADVISORY",
  "40": "OTHERS",
  "_id": {
    "$oid": "60ba4a2d7785de017f4b5ac3"
  }
}]